attention,batch_size,kernel,step_idx,context_len,step_latency_ms,decode_tokens_per_sec,cumulative_ms
mha,1,eager_compiled,1,513,167.25559100007104,5.9788733758955495,167.25559100007104
mha,1,eager_compiled,2,514,13.983387000052971,71.51343233196734,181.238978000124
mha,1,eager_compiled,3,515,10.677341000018714,93.65627640797904,191.91631900014272
mha,1,eager_compiled,4,516,10.451074000002336,95.68394597529178,202.36739300014506
mha,1,eager_compiled,5,517,10.144081000021288,98.57965448007576,212.51147400016634
mha,1,eager_compiled,6,518,10.18801500003974,98.15454727894485,222.69948900020609
mha,1,eager_compiled,7,519,10.159355000041614,98.43144569669077,232.8588440002477
mha,1,eager_compiled,8,520,10.151320999966629,98.50934671490414,243.01016500021433
mha,1,eager_compiled,9,521,9.972528000048442,100.27547678934995,252.98269300026277
mha,1,eager_compiled,10,522,10.054192999973566,99.46099105145775,263.03688600023634
mha,1,eager_compiled,11,523,10.030449000055341,99.6964343265673,273.0673350002917
mha,1,eager_compiled,12,524,10.075363000055404,99.25200709835477,283.1426980003471
mha,1,eager_compiled,13,525,9.96178700006567,100.38359583410164,293.10448500041275
mha,1,eager_compiled,14,526,10.065805999943223,99.34624211967136,303.170291000356
mha,1,eager_compiled,15,527,9.952824000038163,100.47399612372988,313.12311500039414
mha,1,eager_compiled,16,528,10.074107000036747,99.26438144803825,323.1972220004309
mha,1,eager_compiled,17,529,9.979113999975198,100.2092971382515,333.1763360004061
mha,1,eager_compiled,18,530,10.027913999920202,99.72163702320918,343.2042500003263
mha,1,eager_compiled,19,531,9.943679000002703,100.5664000215341,353.147929000329
mha,1,eager_compiled,20,532,10.019765999913943,99.80272992488933,363.16769500024293
mha,1,eager_compiled,21,533,9.975498000017069,100.24562182241819,373.14319300026
mha,1,eager_compiled,22,534,10.033248000013373,99.6686217662184,383.17644100027337
mha,1,eager_compiled,23,535,9.969231000013679,100.30863965321176,393.14567200028705
mha,1,eager_compiled,24,536,10.058912000090459,99.41433029645822,403.2045840003775
mha,1,eager_compiled,25,537,9.964787000058095,100.353374336468,413.1693710004356
mha,1,eager_compiled,26,538,10.105048000013994,98.96044036590574,423.2744190004496
mha,1,eager_compiled,27,539,9.98937199994998,100.1063930750609,433.2637910003996
mha,1,eager_compiled,28,540,10.0300789999892,99.70011203312325,443.2938700003888
mha,1,eager_compiled,29,541,9.99989500007814,100.00105001024369,453.2937650004669
mha,1,eager_compiled,30,542,10.11151099999097,98.89718757175788,463.4052760004579
mha,1,eager_compiled,31,543,10.00202700004138,99.9797341074827,473.40730300049927
mha,1,eager_compiled,32,544,10.082932999921468,99.17749131208039,483.49023600042074
mha,1,eager_compiled,33,545,9.989269000016066,100.1074252779049,493.4795050004368
mha,1,eager_compiled,34,546,10.083396000027278,99.17293737122837,503.5629010004641
mha,1,eager_compiled,35,547,10.012205999942125,99.87808880538219,513.5751070004062
mha,1,eager_compiled,36,548,10.08809300003577,99.12676260978704,523.663200000442
mha,1,eager_compiled,37,549,9.978074000059678,100.21974180528417,533.6412740005017
mha,1,eager_compiled,38,550,10.10132099997918,98.9969529729885,543.7425950004808
mha,1,eager_compiled,39,551,9.972607999998218,100.27467238260832,553.715203000479
mha,1,eager_compiled,40,552,10.080592999997862,99.20051330315708,563.7957960004769
mha,1,eager_compiled,41,553,10.027714999978343,99.72361599847619,573.8235110004553
mha,1,eager_compiled,42,554,10.077659999979005,99.22938459940931,583.9011710004343
mha,1,eager_compiled,43,555,10.008717000005163,99.91290591985808,593.9098880004394
mha,1,eager_compiled,44,556,10.09644299995216,99.04478240552027,604.0063310003916
mha,1,eager_compiled,45,557,9.994689999984985,100.0531282112304,614.0010210003766
mha,1,eager_compiled,46,558,10.062168000104066,99.38216098058169,624.0631890004806
mha,1,eager_compiled,47,559,9.992303999979413,100.07701927423949,634.05549300046
mha,1,eager_compiled,48,560,10.123598999939531,98.77910020003489,644.1790920003996
mha,1,eager_compiled,49,561,10.053477000042221,99.46807457716373,654.2325690004418
mha,1,eager_compiled,50,562,10.109068999895499,98.92107769868198,664.3416380003373
mha,8,eager_compiled,1,513,13.534567000078823,591.0791235473887,13.534567000078823
mha,8,eager_compiled,2,514,10.292004000007182,777.302457324581,23.826571000086005
mha,8,eager_compiled,3,515,10.082179000050928,793.4792667298993,33.90875000013693
mha,8,eager_compiled,4,516,10.194358000035209,784.7477987306675,44.10310800017214
mha,8,eager_compiled,5,517,10.120211000071322,790.4973522729537,54.223319000243464
mha,8,eager_compiled,6,518,10.210572999994838,783.5015723411452,64.4338920002383
mha,8,eager_compiled,7,519,10.11753399995996,790.7065101072711,74.55142600019826
mha,8,eager_compiled,8,520,10.261274000072262,779.6302876176644,84.81270000027052
mha,8,eager_compiled,9,521,10.12670300008267,789.9905823183212,94.9394030003532
mha,8,eager_compiled,10,522,10.178841999959332,785.9440199614025,105.11824500031253
mha,8,eager_compiled,11,523,10.165649999976267,786.9639422977061,115.2838950002888
mha,8,eager_compiled,12,524,10.15403700000661,787.8639796166581,125.4379320002954
mha,8,eager_compiled,13,525,10.088018999908854,793.0199179910625,135.52595100020426
mha,8,eager_compiled,14,526,10.150258999942707,788.1572283076871,145.67621000014697
mha,8,eager_compiled,15,527,10.0870250000753,793.0980640912736,155.76323500022227
mha,8,eager_compiled,16,528,10.20657599997321,783.8083996063908,165.96981100019548
mha,8,eager_compiled,17,529,10.108030999958828,791.4498877212175,176.0778420001543
mha,8,eager_compiled,18,530,10.464607000017168,764.4816475178548,186.54244900017147
mha,8,eager_compiled,19,531,10.086164999961511,793.1656878536618,196.62861400013298
mha,8,eager_compiled,20,532,10.14442100006363,788.6108039039212,206.77303500019661
mha,8,eager_compiled,21,533,10.094408999975713,792.5179175937143,216.86744400017233
mha,8,eager_compiled,22,534,10.157703000004403,787.5796329146985,227.02514700017673
mha,8,eager_compiled,23,535,10.071299000060208,794.3364604657428,237.09644600023694
mha,8,eager_compiled,24,536,10.134995999919738,789.3441694563426,247.23144200015668
mha,8,eager_compiled,25,537,10.063272000024881,794.9700654002218,257.29471400018156
mha,8,eager_compiled,26,538,10.101229000042622,791.9828369365989,267.3959430002242
mha,8,eager_compiled,27,539,10.00744099997064,799.4051626208409,277.4033840001948
mha,8,eager_compiled,28,540,10.084118999998282,793.3266158403488,287.4875030001931
mha,8,eager_compiled,29,541,10.022128000059638,798.2336685335085,297.50963100025274
mha,8,eager_compiled,30,542,10.04747399997541,796.2200250550118,307.55710500022815
mha,8,eager_compiled,31,543,10.020197000017106,798.387496771405,317.57730200024525
mha,8,eager_compiled,32,544,10.17459999991388,786.2716961912718,327.75190200015913
mha,8,eager_compiled,33,545,10.047254999903998,796.2373802671914,337.79915700006313
mha,8,eager_compiled,34,546,10.08895899997242,792.946031401443,347.88811600003555
mha,8,eager_compiled,35,547,10.009422000052837,799.2469495199393,357.8975380000884
mha,8,eager_compiled,36,548,10.111466000012115,791.1810216234139,368.0090040001005
mha,8,eager_compiled,37,549,10.000626000078228,799.9499231285544,378.00963000017873
mha,8,eager_compiled,38,550,10.094721000086793,792.4934230407375,388.1043510002655
mha,8,eager_compiled,39,551,10.026283999991392,797.9027923014019,398.1306350002569
mha,8,eager_compiled,40,552,10.057032999952753,795.4632345382165,408.18766800020967
mha,8,eager_compiled,41,553,9.979793999946196,801.6197528769762,418.16746200015587
mha,8,eager_compiled,42,554,10.098068000047533,792.230751462789,428.2655300002034
mha,8,eager_compiled,43,555,10.056074999965858,795.5390149762369,438.32160500016926
mha,8,eager_compiled,44,556,10.093411999946511,792.5962003772753,448.41501700011577
mha,8,eager_compiled,45,557,10.080088999984582,793.6437862812755,458.49510600010035
mha,8,eager_compiled,46,558,10.055627000042477,795.5744579593303,468.5507330001428
mha,8,eager_compiled,47,559,10.117316999981085,790.7234694746597,478.6680500001239
mha,8,eager_compiled,48,560,10.082266000040363,793.4724197881679,488.7503160001643
mha,8,eager_compiled,49,561,10.083543999940048,793.3718541861438,498.8338600001043
mha,8,eager_compiled,50,562,10.08268699990822,793.4392885619501,508.91654700001254
mha,16,eager_compiled,1,513,10.61491500001921,1507.313059027891,10.61491500001921
mha,16,eager_compiled,2,514,10.287392999998701,1555.301717354632,20.90230800001791
mha,16,eager_compiled,3,515,10.109254999974837,1582.708122412564,31.011562999992748
mha,16,eager_compiled,4,516,10.24029600000631,1562.4548352889547,41.25185899999906
mha,16,eager_compiled,5,517,10.0683680000202,1589.1353991002215,51.32022700001926
mha,16,eager_compiled,6,518,10.198500999990756,1568.8580115856735,61.518728000010015
mha,16,eager_compiled,7,519,10.120068999981413,1581.0168883264912,71.63879699999143
mha,16,eager_compiled,8,520,10.230972999920596,1563.8786262190486,81.86976999991202
mha,16,eager_compiled,9,521,10.081132999971487,1587.123193399517,91.95090299988351
mha,16,eager_compiled,10,522,10.202372999970066,1568.2625993038034,102.15327599985358
mha,16,eager_compiled,11,523,10.105036000027212,1583.3689261430552,112.25831199988079
mha,16,eager_compiled,12,524,10.172884000098747,1572.8086548361987,122.43119599997954
mha,16,eager_compiled,13,525,10.094686999991609,1584.9921845039178,132.52588299997115
mha,16,eager_compiled,14,526,10.205054000039127,1567.8505963749585,142.73093700001027
mha,16,eager_compiled,15,527,10.06813100002546,1589.1728067463107,152.79906800003573
mha,16,eager_compiled,16,528,10.189001000071585,1570.3207802106988,162.98806900010732
mha,16,eager_compiled,17,529,10.109175999900799,1582.720490785501,173.09724500000812
mha,16,eager_compiled,18,530,10.181691000070714,1571.4482004893762,183.27893600007883
mha,16,eager_compiled,19,531,10.080584999968778,1587.2094724710475,193.3595210000476
mha,16,eager_compiled,20,532,10.137953000025846,1578.2278730192584,203.49747400007345
mha,16,eager_compiled,21,533,10.061984999993001,1590.1434955439836,213.55945900006645
mha,16,eager_compiled,22,534,10.228507000078935,1564.2556631067002,223.7879660001454
mha,16,eager_compiled,23,535,10.043887000051654,1593.0087624360683,233.83185300019704
mha,16,eager_compiled,24,536,10.21226199998182,1566.7439789567172,244.04411500017886
mha,16,eager_compiled,25,537,10.121096000034413,1580.8564605992867,254.16521100021328
mha,16,eager_compiled,26,538,10.211133999973754,1566.9170534870198,264.37634500018703
mha,16,eager_compiled,27,539,10.065504999943187,1589.5874076949253,274.4418500001302
mha,16,eager_compiled,28,540,10.173321000024771,1572.7410940794105,284.615171000155
mha,16,eager_compiled,29,541,10.143277999986822,1577.3993377703723,294.7584490001418
mha,16,eager_compiled,30,542,10.2195509999774,1565.6265133404963,304.9780000001192
mha,16,eager_compiled,31,543,10.096730999975989,1584.6713158979921,315.0747310000952
mha,16,eager_compiled,32,544,10.241310999958841,1562.2999828893296,325.31604200005404
mha,16,eager_compiled,33,545,10.013339000011001,1597.868603068609,335.32938100006504
mha,16,eager_compiled,34,546,10.186894000071334,1570.6455765504147,345.5162750001364
mha,16,eager_compiled,35,547,10.040280999987772,1593.5808967915825,355.55655600012415
mha,16,eager_compiled,36,548,10.220204999995985,1565.5263275057873,365.77676100012013
mha,16,eager_compiled,37,549,10.133414999927481,1578.9346434656532,375.9101760000476
mha,16,eager_compiled,38,550,10.23966900004325,1562.5505082178358,386.14984500009086
mha,16,eager_compiled,39,551,10.103125000000546,1583.6684194245975,396.2529700000914
mha,16,eager_compiled,40,552,10.189461999971172,1570.2497344850265,406.4424320000626
mha,16,eager_compiled,41,553,10.100414000021374,1584.0934836894944,416.54284600008396
mha,16,eager_compiled,42,554,10.185875999923155,1570.8025505239518,426.7287220000071
mha,16,eager_compiled,43,555,10.12340799991307,1580.4954221085816,436.8521299999202
mha,16,eager_compiled,44,556,10.150093000106608,1576.340236471917,447.0022230000268
mha,16,eager_compiled,45,557,10.346921999939696,1546.3535919274593,457.3491449999665
mha,16,eager_compiled,46,558,10.175055999980032,1572.4729180882541,467.5242009999465
mha,16,eager_compiled,47,559,10.098954999989473,1584.3223383029906,477.623155999936
mha,16,eager_compiled,48,560,10.204407999935938,1567.9498507018188,487.8275639998719
mha,16,eager_compiled,49,561,10.052215000087017,1591.6889958940885,497.87977899995894
mha,16,eager_compiled,50,562,10.155770999972447,1575.4589188790699,508.0355499999314
mha,32,eager_compiled,1,513,11.260018000029959,2841.913751817702,11.260018000029959
mha,32,eager_compiled,2,514,10.417648999919038,3071.7103254533426,21.677666999948997
mha,32,eager_compiled,3,515,10.277938999934122,3113.464674211932,31.95560599988312
mha,32,eager_compiled,4,516,10.493425000049683,3049.528633391718,42.4490309999328
mha,32,eager_compiled,5,517,10.258045000000493,3119.502790248869,52.707075999933295
mha,32,eager_compiled,6,518,10.350292999987687,3091.699916131656,63.05736899992098
mha,32,eager_compiled,7,519,10.297526000044854,3107.5425301048635,73.35489499996584
mha,32,eager_compiled,8,520,10.274898000034227,3114.3861476671987,83.62979300000006
mha,32,eager_compiled,9,521,10.25871600006667,3119.29875042764,93.88850900006673
mha,32,eager_compiled,10,522,10.316342999999506,3101.874375445013,104.20485200006624
mha,32,eager_compiled,11,523,10.2925610000284,3109.0415689459314,114.49741300009464
mha,32,eager_compiled,12,524,10.329493000085677,3097.925522553196,124.82690600018032
mha,32,eager_compiled,13,525,10.237567999979547,3125.74236381765,135.06447400015986
mha,32,eager_compiled,14,526,10.307001999990462,3104.6855331967154,145.37147600015032
mha,32,eager_compiled,15,527,10.266747999935433,3116.8584249074047,155.63822400008576
mha,32,eager_compiled,16,528,10.3197349999391,3100.854818480207,165.95795900002486
mha,32,eager_compiled,17,529,10.280375999968783,3112.726616234384,176.23833499999364
mha,32,eager_compiled,18,530,10.2867470000092,3110.798778269883,186.52508200000284
mha,32,eager_compiled,19,531,10.256820999984484,3119.8750568083824,196.78190299998732
mha,32,eager_compiled,20,532,10.281342999974186,3112.4338522778926,207.0632459999615
mha,32,eager_compiled,21,533,10.238700999934736,3125.3964736546145,217.30194699989624
mha,32,eager_compiled,22,534,10.268710999980613,3116.2625961584095,227.57065799987686
mha,32,eager_compiled,23,535,10.220215000003918,3131.0495914212893,237.79087299988078
mha,32,eager_compiled,24,536,10.275460000002568,3114.215811262173,248.06633299988334
mha,32,eager_compiled,25,537,10.261647999982415,3118.4074916675017,258.32798099986576
mha,32,eager_compiled,26,538,10.294266999949286,3108.526328310471,268.62224799981504
mha,32,eager_compiled,27,539,10.207312000034108,3135.0075318451195,278.82955999984915
mha,32,eager_compiled,28,540,10.290879999956815,3109.54942630118,289.12043999980597
mha,32,eager_compiled,29,541,10.23976599992693,3125.0714127870056,299.3602059997329
mha,32,eager_compiled,30,542,10.328501000003598,3098.2230625711177,309.6887069997365
mha,32,eager_compiled,31,543,10.216344000014033,3132.2359544623837,319.90505099975053
mha,32,eager_compiled,32,544,10.330276999980015,3097.690410437388,330.23532799973054
mha,32,eager_compiled,33,545,10.228364999989026,3128.554759243959,340.46369299971957
mha,32,eager_compiled,34,546,10.301308000066456,3106.401633636579,350.765000999786
mha,32,eager_compiled,35,547,10.292413000001943,3109.0862754918558,361.05741399978797
mha,32,eager_compiled,36,548,10.278584000047886,3113.26929855814,371.33599799983585
mha,32,eager_compiled,37,549,10.270670999943832,3115.6679052590625,381.6066689997797
mha,32,eager_compiled,38,550,10.301948000005723,3106.208651022333,391.9086169997854
mha,32,eager_compiled,39,551,10.270533000038995,3115.7097688969507,402.1791499998244
mha,32,eager_compiled,40,552,10.348141999998006,3092.342567390954,412.5272919998224
mha,32,eager_compiled,41,553,10.31599800001004,3101.978112051675,422.84328999983245
mha,32,eager_compiled,42,554,10.323228000061135,3099.8056034227366,433.1665179998936
mha,32,eager_compiled,43,555,10.250019999944016,3121.9451279289974,443.4165379998376
mha,32,eager_compiled,44,556,10.28862200007552,3110.2318658188738,453.7051599999131
mha,32,eager_compiled,45,557,10.226158999898871,3129.2296550754254,463.931318999812
mha,32,eager_compiled,46,558,10.27481500000249,3114.411305701586,474.2061339998145
mha,32,eager_compiled,47,559,10.217904000000999,3131.7577460110087,484.4240379998155
mha,32,eager_compiled,48,560,10.250016999975742,3121.946041657856,494.6740549997912
mha,32,eager_compiled,49,561,10.223322000001644,3130.0980248880796,504.89737699979287
mha,32,eager_compiled,50,562,10.34348799998952,3093.7339512582626,515.2408649997824
mqa,1,eager_compiled,1,513,20.114516999910848,49.71533743536732,20.114516999910848
mqa,1,eager_compiled,2,514,11.91635000009228,83.918313912587,32.03086700000313
mqa,1,eager_compiled,3,515,11.615589000030013,86.09120036852337,43.64645600003314
mqa,1,eager_compiled,4,516,11.46790100006001,87.19991565978526,55.11435700009315
mqa,1,eager_compiled,5,517,11.43672399996376,87.43762636950657,66.55108100005691
mqa,1,eager_compiled,6,518,11.504059999992933,86.92583314070114,78.05514100004984
mqa,1,eager_compiled,7,519,11.40172399993844,87.70603463172755,89.45686499998828
mqa,1,eager_compiled,8,520,11.412827000071957,87.62070957473509,100.86969200006024
mqa,1,eager_compiled,9,521,11.36559499991563,87.98483493450395,112.23528699997587
mqa,1,eager_compiled,10,522,11.398961000054442,87.7272937415282,123.63424800003031
mqa,1,eager_compiled,11,523,11.372364999942874,87.93245732132439,135.00661299997319
mqa,1,eager_compiled,12,524,11.427534999938871,87.50793587640285,146.43414799991206
mqa,1,eager_compiled,13,525,11.36777199997141,87.96798528352917,157.80191999988347
mqa,1,eager_compiled,14,526,11.414330999969025,87.60916430430427,169.2162509998525
mqa,1,eager_compiled,15,527,11.395754999966812,87.75197430998756,180.6120059998193
mqa,1,eager_compiled,16,528,11.458074000074703,87.27470253669861,192.070079999894
mqa,1,eager_compiled,17,529,11.39974800003074,87.72123734641357,203.46982799992475
mqa,1,eager_compiled,18,530,11.435687000016515,87.44555530407189,214.90551499994126
mqa,1,eager_compiled,19,531,11.412531000019044,87.62298214115093,226.3180459999603
mqa,1,eager_compiled,20,532,11.44162299999607,87.40018789295395,237.75966899995638
mqa,1,eager_compiled,21,533,11.440954999898167,87.40529090525229,249.20062399985454
mqa,1,eager_compiled,22,534,11.435727000048246,87.44524943589342,260.6363509999028
mqa,1,eager_compiled,23,535,11.312636999946335,88.39671952744031,271.9489879998491
mqa,1,eager_compiled,24,536,11.431009000034464,87.48134132314873,283.3799969998836
mqa,1,eager_compiled,25,537,11.372911000080421,87.9282357870319,294.752907999964
mqa,1,eager_compiled,26,538,11.410476000037306,87.63876283484848,306.1633840000013
mqa,1,eager_compiled,27,539,11.366374999965956,87.97879711016003,317.52975899996727
mqa,1,eager_compiled,28,540,11.444958999959454,87.37471230814744,328.9747179999267
mqa,1,eager_compiled,29,541,11.348835000035251,88.11477125157727,340.323552999962
mqa,1,eager_compiled,30,542,11.436735999950542,87.43753462564183,351.7602889999125
mqa,1,eager_compiled,31,543,11.351916999956302,88.09084844470317,363.1122059998688
mqa,1,eager_compiled,32,544,11.381819000007454,87.85941860429736,374.4940249998763
mqa,1,eager_compiled,33,545,11.354201000017383,88.07312817506657,385.84822599989366
mqa,1,eager_compiled,34,546,11.41032099997119,87.63995333720452,397.25854699986485
mqa,1,eager_compiled,35,547,11.30289200000334,88.47293241408522,408.5614389998682
mqa,1,eager_compiled,36,548,11.391203000016503,87.78704057846667,419.9526419998847
mqa,1,eager_compiled,37,549,11.338159999922937,88.19773226050759,431.2908019998076
mqa,1,eager_compiled,38,550,11.38449400002628,87.83877438889174,442.6752959998339
mqa,1,eager_compiled,39,551,11.323347000029571,88.31311095539053,453.9986429998635
mqa,1,eager_compiled,40,552,11.359564000031241,88.03154768944034,465.3582069998947
mqa,1,eager_compiled,41,553,11.282504000064364,88.63280704303719,476.6407109999591
mqa,1,eager_compiled,42,554,11.441304000072705,87.40262473522645,488.0820150000318
mqa,1,eager_compiled,43,555,11.350217999961387,88.10403465408346,499.4322329999932
mqa,1,eager_compiled,44,556,11.445442999956867,87.37101744369077,510.87767599995004
mqa,1,eager_compiled,45,557,11.36601400003201,87.98159143541295,522.243689999982
mqa,1,eager_compiled,46,558,11.41542000004847,87.60080662785548,533.6591100000305
mqa,1,eager_compiled,47,559,11.337422999986302,88.20346563775632,544.9965330000168
mqa,1,eager_compiled,48,560,11.419675999945866,87.56815867672081,556.4162089999627
mqa,1,eager_compiled,49,561,11.381346000007397,87.86306997426755,567.7975549999701
mqa,1,eager_compiled,50,562,11.392093000040404,87.78018227172595,579.1896480000105
mqa,8,eager_compiled,1,513,17.257088999940606,463.5776057032292,17.257088999940606
mqa,8,eager_compiled,2,514,12.095122000005176,661.4236714599965,29.352210999945783
mqa,8,eager_compiled,3,515,11.937074000002212,670.1809840500711,41.289284999947995
mqa,8,eager_compiled,4,516,11.929788000088593,670.5902904511455,53.21907300003659
mqa,8,eager_compiled,5,517,11.960712000018248,668.8565028560001,65.17978500005484
mqa,8,eager_compiled,6,518,11.98248399998647,667.6412002727509,77.1622690000413
mqa,8,eager_compiled,7,519,11.924255000053563,670.9014525405624,89.08652400009487
mqa,8,eager_compiled,8,520,12.152471000035803,658.3023320916734,101.23899500013067
mqa,8,eager_compiled,9,521,11.978913999996621,667.8401731577885,113.21790900012729
mqa,8,eager_compiled,10,522,11.972628999956214,668.1907540966364,125.1905380000835
mqa,8,eager_compiled,11,523,11.978332000012415,667.8726219970952,137.16887000009592
mqa,8,eager_compiled,12,524,11.985124999910113,667.494081209833,149.15399500000603
mqa,8,eager_compiled,13,525,12.028847999999925,665.0678435707267,161.18284300000596
mqa,8,eager_compiled,14,526,13.168296000003465,607.5197580611716,174.35113900000943
mqa,8,eager_compiled,15,527,15.263706000041566,524.1191097350941,189.614845000051
mqa,8,eager_compiled,16,528,15.479611000046134,516.8088526240199,205.09445600009713
mqa,8,eager_compiled,17,529,15.12171000001672,529.0406971163417,220.21616600011384
mqa,8,eager_compiled,18,530,15.313428000013118,522.417318969544,235.52959400012696
mqa,8,eager_compiled,19,531,15.277957000080278,523.6302209750927,250.80755100020724
mqa,8,eager_compiled,20,532,15.31387900001846,522.401933565647,266.1214300002257
mqa,8,eager_compiled,21,533,15.24651299996549,524.7101419201956,281.3679430001912
mqa,8,eager_compiled,22,534,15.199632999951973,526.3284975384128,296.56757600014316
mqa,8,eager_compiled,23,535,15.200948000028802,526.2829660350685,311.76852400017196
mqa,8,eager_compiled,24,536,15.349782999919626,521.1800062607979,327.1183070000916
mqa,8,eager_compiled,25,537,15.254403999961141,524.4387129133579,342.37271100005273
mqa,8,eager_compiled,26,538,15.20703100004539,526.0724463556444,357.5797420000981
mqa,8,eager_compiled,27,539,15.251963999958207,524.5226123023842,372.83170600005633
mqa,8,eager_compiled,28,540,15.262603999985913,524.1569525100293,388.09431000004224
mqa,8,eager_compiled,29,541,15.311095000015484,522.4969213496428,403.4054050000577
mqa,8,eager_compiled,30,542,15.334249000034106,521.707975394309,418.73965400009183
mqa,8,eager_compiled,31,543,15.40755700000318,519.2257279981732,434.147211000095
mqa,8,eager_compiled,32,544,15.543741999977101,514.6765817402132,449.6909530000721
mqa,8,eager_compiled,33,545,16.623972000047615,481.23276434639604,466.31492500011973
mqa,8,eager_compiled,34,546,17.528526999967653,456.3988748178762,483.8434520000874
mqa,8,eager_compiled,35,547,18.196643000010226,439.6415316822726,502.0400950000976
mqa,8,eager_compiled,36,548,16.624428999989505,481.2195354201369,518.6645240000871
mqa,8,eager_compiled,37,549,19.899133000080838,402.0275657219589,538.563657000168
mqa,8,eager_compiled,38,550,17.025100999944698,469.8944223606066,555.5887580001126
mqa,8,eager_compiled,39,551,16.990006000014546,470.86504854637195,572.5787640001272
mqa,8,eager_compiled,40,552,16.917786000021806,472.87511498193015,589.496550000149
mqa,8,eager_compiled,41,553,16.587019999974473,482.3048383623045,606.0835700001235
mqa,8,eager_compiled,42,554,16.958488000000216,471.74016928867115,623.0420580001237
mqa,8,eager_compiled,43,555,19.153307999999925,417.6824180971784,642.1953660001236
mqa,8,eager_compiled,44,556,18.785958999956165,425.8499659250117,660.9813250000798
mqa,8,eager_compiled,45,557,19.902860000001965,401.9522822347748,680.8841850000817
mqa,8,eager_compiled,46,558,20.422147999966,391.7315651621621,701.3063330000477
mqa,8,eager_compiled,47,559,18.651752000096167,428.9141309598558,719.9580850001439
mqa,8,eager_compiled,48,560,18.246520999923632,438.43974421389606,738.2046060000675
mqa,8,eager_compiled,49,561,18.318971999974565,436.705727811097,756.5235780000421
mqa,8,eager_compiled,50,562,22.975434000045425,348.19799269011344,779.4990120000875
mqa,16,eager_compiled,1,513,22.665240999913294,705.9267536604269,22.665240999913294
mqa,16,eager_compiled,2,514,16.750423000075898,955.1997582346131,39.41566399998919
mqa,16,eager_compiled,3,515,17.526133999922422,912.922382087848,56.941797999911614
mqa,16,eager_compiled,4,516,14.51761600003465,1102.1093270383933,71.45941399994626
mqa,16,eager_compiled,5,517,13.652098999955342,1171.9809532623765,85.1115129999016
mqa,16,eager_compiled,6,518,12.964993000082359,1234.0924518739316,98.07650599998397
mqa,16,eager_compiled,7,519,12.978369000052226,1232.8205493260066,111.05487500003619
mqa,16,eager_compiled,8,520,13.122490999990077,1219.2806990694144,124.17736600002627
mqa,16,eager_compiled,9,521,12.966388999984702,1233.959585819836,137.14375500001097
mqa,16,eager_compiled,10,522,12.835858000016742,1246.508024627503,149.9796130000277
mqa,16,eager_compiled,11,523,13.050901999918096,1225.9689023870083,163.0305149999458
mqa,16,eager_compiled,12,524,13.001002000009976,1230.6743741742155,176.03151699995578
mqa,16,eager_compiled,13,525,13.395839999930104,1194.4006497601856,189.4273569998859
mqa,16,eager_compiled,14,526,14.00957099997413,1142.076370506245,203.43692799986002
mqa,16,eager_compiled,15,527,13.462210999932722,1188.5120505153247,216.89913899979274
mqa,16,eager_compiled,16,528,14.177018000054886,1128.5871260047816,231.07615699984763
mqa,16,eager_compiled,17,529,15.397898000060195,1039.1028697512772,246.47405499990782
mqa,16,eager_compiled,18,530,13.00498599994171,1230.2973644163642,259.47904099984953
mqa,16,eager_compiled,19,531,13.007869999910326,1230.024592812682,272.48691099975986
mqa,16,eager_compiled,20,532,13.14513399995576,1217.1804410707298,285.6320449997156
mqa,16,eager_compiled,21,533,13.049916999989364,1226.061437786389,298.681961999705
mqa,16,eager_compiled,22,534,13.189310000029764,1213.1036422651293,311.87127199973474
mqa,16,eager_compiled,23,535,13.52109999993445,1183.3356753575943,325.3923719996692
mqa,16,eager_compiled,24,536,13.249647999941772,1207.5792504125632,338.64201999961097
mqa,16,eager_compiled,25,537,13.177423000001909,1214.1979505399258,351.8194429996129
mqa,16,eager_compiled,26,538,12.994322999929864,1231.3069330419414,364.81376599954274
mqa,16,eager_compiled,27,539,13.050494000026447,1226.007230068653,377.8642599995692
mqa,16,eager_compiled,28,540,13.060217999964152,1225.0944050125286,390.92447799953334
mqa,16,eager_compiled,29,541,13.256602000069506,1206.9457919847114,404.18107999960284
mqa,16,eager_compiled,30,542,13.159526999970694,1215.8491714812874,417.34060699957354
mqa,16,eager_compiled,31,543,13.039347000017187,1227.055311893986,430.3799539995907
mqa,16,eager_compiled,32,544,13.251692000039839,1207.3929880012226,443.63164599963056
mqa,16,eager_compiled,33,545,12.974056000075507,1233.2303791433367,456.60570199970607
mqa,16,eager_compiled,34,546,13.930188000017552,1148.5846422158725,470.5358899997236
mqa,16,eager_compiled,35,547,13.325237999993078,1200.7290226267112,483.8611279997167
mqa,16,eager_compiled,36,548,12.95477199994366,1235.0661208139816,496.81589999966036
mqa,16,eager_compiled,37,549,13.19452400002774,1212.6242674587095,510.0104239996881
mqa,16,eager_compiled,38,550,13.206340000010641,1211.5393061201746,523.2167639996987
mqa,16,eager_compiled,39,551,17.614031999983126,908.3666931010076,540.8307959996819
mqa,16,eager_compiled,40,552,14.308499999970081,1118.216444772929,555.139295999652
mqa,16,eager_compiled,41,553,14.104080000038266,1134.4235143275273,569.2433759996902
mqa,16,eager_compiled,42,554,13.465605999954278,1188.212398317189,582.7089819996445
mqa,16,eager_compiled,43,555,16.716105000000425,957.160773996071,599.4250869996449
mqa,16,eager_compiled,44,556,18.01358000000164,888.2187771669232,617.4386669996466
mqa,16,eager_compiled,45,557,15.762386999995215,1015.0746838029581,633.2010539996418
mqa,16,eager_compiled,46,558,14.402063999909842,1110.9518746826955,647.6031179995516
mqa,16,eager_compiled,47,559,12.948476000019582,1235.6666529694926,660.5515939995712
mqa,16,eager_compiled,48,560,13.127711000038289,1218.795873854424,673.6793049996095
mqa,16,eager_compiled,49,561,12.876918000074511,1242.5333453165904,686.556222999684
mqa,16,eager_compiled,50,562,12.56112300006862,1273.7714613504377,699.1173459997526
mqa,32,eager_compiled,1,513,16.133052999975916,1983.505539840957,16.133052999975916
mqa,32,eager_compiled,2,514,12.881471000014244,2484.1883353201365,29.01452399999016
mqa,32,eager_compiled,3,515,12.688285999956861,2522.011247232983,41.70280999994702
mqa,32,eager_compiled,4,516,12.596416000064892,2540.405143799248,54.29922600001191
mqa,32,eager_compiled,5,517,12.543089000018881,2551.2056878454605,66.8423150000308
mqa,32,eager_compiled,6,518,12.593897999977344,2540.913067586983,79.43621300000814
mqa,32,eager_compiled,7,519,12.495050000097763,2561.0141615879593,91.9312630001059
mqa,32,eager_compiled,8,520,12.442087000067659,2571.915788711812,104.37335000017356
mqa,32,eager_compiled,9,521,12.325830000008864,2596.174050751713,116.69918000018242
mqa,32,eager_compiled,10,522,12.467574999959652,2566.657910628455,129.16675500014208
mqa,32,eager_compiled,11,523,12.2567999999319,2610.795639985787,141.42355500007397
mqa,32,eager_compiled,12,524,12.317341999960263,2597.9630995147522,153.74089700003424
mqa,32,eager_compiled,13,525,12.235242999963702,2615.395542213173,165.97613999999794
mqa,32,eager_compiled,14,526,12.28488300000663,2604.82741268132,178.26102300000457
mqa,32,eager_compiled,15,527,12.274649999994836,2606.9989775686854,190.5356729999994
mqa,32,eager_compiled,16,528,12.293183999986468,2603.0684971472992,202.82885699998587
mqa,32,eager_compiled,17,529,12.260858999979973,2609.931327001825,215.08971599996585
mqa,32,eager_compiled,18,530,12.28100799994536,2605.649308276843,227.3707239999112
mqa,32,eager_compiled,19,531,12.25950200000625,2610.220219384416,239.63022599991746
mqa,32,eager_compiled,20,532,12.281387000030008,2605.5688986856135,251.91161299994747
mqa,32,eager_compiled,21,533,12.289094999914596,2603.9346266118364,264.20070799986206
mqa,32,eager_compiled,22,534,12.279145999968932,2606.044426874716,276.479853999831
mqa,32,eager_compiled,23,535,12.26851199999146,2608.3032726399315,288.74836599982245
mqa,32,eager_compiled,24,536,12.327099999993152,2595.906579813401,301.0754659998156
mqa,32,eager_compiled,25,537,12.226837999946838,2617.1934232005965,313.30230399976244
mqa,32,eager_compiled,26,538,12.290237999991405,2603.6924590087174,325.59254199975385
mqa,32,eager_compiled,27,539,12.252278999994815,2611.7590041831027,337.84482099974866
mqa,32,eager_compiled,28,540,12.282899000069847,2605.2481584207467,350.1277199998185
mqa,32,eager_compiled,29,541,12.278365000042868,2606.210191657299,362.4060849998614
mqa,32,eager_compiled,30,542,12.274158999957763,2607.10326468071,374.68024399981914
mqa,32,eager_compiled,31,543,12.237392999963959,2614.9360407150643,386.9176369997831
mqa,32,eager_compiled,32,544,12.297289999992245,2602.1993463616927,399.21492699977534
mqa,32,eager_compiled,33,545,12.268715000004704,2608.2601152596444,411.48364199978005
mqa,32,eager_compiled,34,546,12.271589000079075,2607.649262030679,423.7552309998591
mqa,32,eager_compiled,35,547,12.270571000044583,2607.865599725044,436.0258019999037
mqa,32,eager_compiled,36,548,12.310489000014968,2599.4093329648476,448.3362909999187
mqa,32,eager_compiled,37,549,12.2490400000288,2612.4496286994545,460.5853309999475
mqa,32,eager_compiled,38,550,12.242447999938122,2613.8563137177907,472.8277789998856
mqa,32,eager_compiled,39,551,12.218943999982912,2618.8842505575567,485.0467229998685
mqa,32,eager_compiled,40,552,12.324378000016623,2596.479919713339,497.37110099988513
mqa,32,eager_compiled,41,553,12.250957999981438,2612.0406257248196,509.62205899986657
mqa,32,eager_compiled,42,554,12.23142700007429,2616.2115017164915,521.8534859999409
mqa,32,eager_compiled,43,555,12.272617000007813,2607.4308356546635,534.1261029999487
mqa,32,eager_compiled,44,556,12.252531000058298,2611.7052876542602,546.378634000007
mqa,32,eager_compiled,45,557,12.255186999936996,2611.1392670029854,558.633820999944
mqa,32,eager_compiled,46,558,12.287864000086302,2604.195489124493,570.9216850000303
mqa,32,eager_compiled,47,559,12.401060000001962,2580.4245766083654,583.3227450000322
mqa,32,eager_compiled,48,560,12.370964000069762,2586.7022165628764,595.693709000102
mqa,32,eager_compiled,49,561,12.291596000068239,2603.404797865334,607.9853050001702
mqa,32,eager_compiled,50,562,12.301923999984865,2601.219126377254,620.2872290001551
gqa,1,eager_compiled,1,513,14.844771999946715,67.36378302095778,14.844771999946715
gqa,1,eager_compiled,2,514,13.732557000025736,72.81965041165502,28.57732899997245
gqa,1,eager_compiled,3,515,13.181456000097569,75.86415339797045,41.75878500007002
gqa,1,eager_compiled,4,516,12.844255999993948,77.8558135247749,54.60304100006397
gqa,1,eager_compiled,5,517,12.677279999934399,78.88127421695937,67.28032099999837
gqa,1,eager_compiled,6,518,12.611977000005936,79.28971009061698,79.8922980000043
gqa,1,eager_compiled,7,519,12.53442699999141,79.78027236511771,92.42672499999571
gqa,1,eager_compiled,8,520,12.795027999914055,78.15535847258147,105.22175299990977
gqa,1,eager_compiled,9,521,12.556111999970199,79.64248805700151,117.77786499987997
gqa,1,eager_compiled,10,522,12.480807999963872,80.1230176766516,130.25867299984384
gqa,1,eager_compiled,11,523,12.665195999943535,78.95653569075901,142.92386899978737
gqa,1,eager_compiled,12,524,12.632557999950222,79.1605310661499,155.5564269997376
gqa,1,eager_compiled,13,525,12.533376999954271,79.7869560616942,168.08980399969187
gqa,1,eager_compiled,14,526,12.456294000003254,80.28069986143059,180.54609799969512
gqa,1,eager_compiled,15,527,13.356059999978243,74.87238002836384,193.90215799967336
gqa,1,eager_compiled,16,528,13.056209999945168,76.59190530821729,206.95836799961853
gqa,1,eager_compiled,17,529,12.228714000002583,81.77474753271593,219.1870819996211
gqa,1,eager_compiled,18,530,12.126279999961298,82.46552116586386,231.3133619995824
gqa,1,eager_compiled,19,531,12.064351999924838,82.88882817794358,243.37771399950725
gqa,1,eager_compiled,20,532,12.034217999939756,83.09638399478936,255.411931999447
gqa,1,eager_compiled,21,533,11.999297999977898,83.33820861869103,267.4112299994249
gqa,1,eager_compiled,22,534,11.96864500002448,83.55164682367591,279.3798749994494
gqa,1,eager_compiled,23,535,11.926300000027368,83.84830165245762,291.30617499947675
gqa,1,eager_compiled,24,536,12.016142999982549,83.22137977231566,303.3223179994593
gqa,1,eager_compiled,25,537,11.93638299992017,83.77747262354835,315.25870099937947
gqa,1,eager_compiled,26,538,11.957046000020455,83.63269657056512,327.2157469993999
gqa,1,eager_compiled,27,539,11.94520800004284,83.71557866521987,339.16095499944277
gqa,1,eager_compiled,28,540,11.980270000094606,83.47057286622949,351.14122499953737
gqa,1,eager_compiled,29,541,11.990103000016461,83.40211923105474,363.13132799955383
gqa,1,eager_compiled,30,542,12.086905999922237,82.73415876705202,375.21823399947607
gqa,1,eager_compiled,31,543,12.190104000069368,82.0337545926031,387.40833799954544
gqa,1,eager_compiled,32,544,12.200304999964828,81.96516398589075,399.60864299951027
gqa,1,eager_compiled,33,545,12.030723999941983,83.12051710311219,411.63936699945225
gqa,1,eager_compiled,34,546,11.942274000034558,83.73614606373177,423.5816409994868
gqa,1,eager_compiled,35,547,11.964648999992278,83.57955172781462,435.5462899994791
gqa,1,eager_compiled,36,548,11.990576000016517,83.39882921376108,447.5368659994956
gqa,1,eager_compiled,37,549,12.007415999960358,83.28186514095135,459.54428199945596
gqa,1,eager_compiled,38,550,11.929567000038332,83.82533917591365,471.4738489994943
gqa,1,eager_compiled,39,551,11.96065199997065,83.60748226789424,483.43450099946494
gqa,1,eager_compiled,40,552,12.041992000035862,83.04273910803312,495.4764929995008
gqa,1,eager_compiled,41,553,11.980493999999453,83.46901221268887,507.45698699950026
gqa,1,eager_compiled,42,554,12.37892999995438,80.78242626815769,519.8359169994546
gqa,1,eager_compiled,43,555,11.987675000000309,83.41901160983879,531.823591999455
gqa,1,eager_compiled,44,556,11.967926000011175,83.55666637636848,543.7915179994661
gqa,1,eager_compiled,45,557,12.016774000016994,83.2170098229846,555.8082919994831
gqa,1,eager_compiled,46,558,11.997581000059654,83.3501353310328,567.8058729995428
gqa,1,eager_compiled,47,559,11.975861999985682,83.5012961907206,579.7817349995285
gqa,1,eager_compiled,48,560,12.08889699989868,82.72053273415939,591.8706319994271
gqa,1,eager_compiled,49,561,11.96350899999743,83.58751600389274,603.8341409994246
gqa,1,eager_compiled,50,562,11.969168999939939,83.54798900450132,615.8033099993645
gqa,8,eager_compiled,1,513,13.91959800002951,574.729241461071,13.91959800002951
gqa,8,eager_compiled,2,514,13.257589000090775,603.427968686103,27.177187000120284
gqa,8,eager_compiled,3,515,12.912515000039093,619.5539753468461,40.08970200015938
gqa,8,eager_compiled,4,516,12.84736200000225,622.6959277708995,52.93706400016163
gqa,8,eager_compiled,5,517,12.796718000004148,625.160295006689,65.73378200016577
gqa,8,eager_compiled,6,518,12.90232400003788,620.0433348268508,78.63610600020365
gqa,8,eager_compiled,7,519,12.84244300006776,622.934437003753,91.47854900027141
gqa,8,eager_compiled,8,520,12.922016000061376,619.0984440788498,104.40056500033279
gqa,8,eager_compiled,9,521,12.878386000011233,621.1958548216386,117.27895100034402
gqa,8,eager_compiled,10,522,12.957806000031269,617.3884683858282,130.2367570003753
gqa,8,eager_compiled,11,523,12.82826900001055,623.6227194794108,143.06502600038584
gqa,8,eager_compiled,12,524,13.616038000009212,587.5424260709751,156.68106400039505
gqa,8,eager_compiled,13,525,13.268120000020645,602.9490236738552,169.9491840004157
gqa,8,eager_compiled,14,526,12.67053100002613,631.3863246917988,182.61971500044183
gqa,8,eager_compiled,15,527,12.520598000037353,638.9471173801869,195.14031300047918
gqa,8,eager_compiled,16,528,12.546534999955838,637.6262450173023,207.68684800043502
gqa,8,eager_compiled,17,529,12.46079500003816,642.0136114891145,220.14764300047318
gqa,8,eager_compiled,18,530,12.466512000059993,641.7191913793931,232.61415500053317
gqa,8,eager_compiled,19,531,12.49052599996503,640.4854367239936,245.1046810004982
gqa,8,eager_compiled,20,532,12.471951000065928,641.4393385571922,257.57663200056413
gqa,8,eager_compiled,21,533,12.462685000059537,641.9162483816114,270.03931700062367
gqa,8,eager_compiled,22,534,12.447264000002178,642.7115227891527,282.48658100062585
gqa,8,eager_compiled,23,535,12.461638999980096,641.970129291402,294.94822000060594
gqa,8,eager_compiled,24,536,12.495374999957676,640.2368876505985,307.4435950005636
gqa,8,eager_compiled,25,537,12.44444700000713,642.8570108414955,319.88804200057075
gqa,8,eager_compiled,26,538,12.849934999962898,622.5712425800674,332.73797700053365
gqa,8,eager_compiled,27,539,12.433174000079816,643.4398810753105,345.17115100061346
gqa,8,eager_compiled,28,540,12.46997399994143,641.5410328872839,357.6411250005549
gqa,8,eager_compiled,29,541,12.512917999970341,639.3392812147384,370.15404300052523
gqa,8,eager_compiled,30,542,12.491037000017968,640.4592348888641,382.6450800005432
gqa,8,eager_compiled,31,543,12.491493999959857,640.4358037577978,395.13657400050306
gqa,8,eager_compiled,32,544,12.457885000003444,642.1635775252211,407.5944590005065
gqa,8,eager_compiled,33,545,12.379419000012604,646.2338822195012,419.9738780005191
gqa,8,eager_compiled,34,546,12.420893000012256,644.0760740787402,432.39477100053136
gqa,8,eager_compiled,35,547,12.454841000021588,642.3205242030897,444.84961200055295
gqa,8,eager_compiled,36,548,12.37686499996471,646.3672343539993,457.22647700051766
gqa,8,eager_compiled,37,549,12.447119000057683,642.7190099140955,469.67359600057534
gqa,8,eager_compiled,38,550,12.381953000044632,646.1016287148856,482.05554900062
gqa,8,eager_compiled,39,551,12.430181000013363,643.5948116919134,494.48573000063334
gqa,8,eager_compiled,40,552,12.46280200007277,641.9102221116317,506.9485320007061
gqa,8,eager_compiled,41,553,12.426932999915152,643.7630266498276,519.3754650006213
gqa,8,eager_compiled,42,554,12.400185000046804,645.1516650735294,531.7756500006681
gqa,8,eager_compiled,43,555,12.448024999912377,642.6722311415917,544.2236750005804
gqa,8,eager_compiled,44,556,12.50176400003511,639.9096959419113,556.7254390006156
gqa,8,eager_compiled,45,557,12.480405000019346,641.0048391849142,569.2058440006349
gqa,8,eager_compiled,46,558,12.744505999989997,627.7214668035214,581.9503500006249
gqa,8,eager_compiled,47,559,12.61258799991083,634.2869520558794,594.5629380005357
gqa,8,eager_compiled,48,560,12.599751999914588,634.9331320215057,607.1626900004503
gqa,8,eager_compiled,49,561,12.510381999959463,639.4688827268361,619.6730720004098
gqa,8,eager_compiled,50,562,12.50683199998548,639.6503926821188,632.1799040003953
gqa,16,eager_compiled,1,513,12.69637400002921,1260.2023223294455,12.69637400002921
gqa,16,eager_compiled,2,514,12.456244999953014,1284.496250680711,25.152618999982224
gqa,16,eager_compiled,3,515,12.408500999981698,1289.43858730588,37.56111999996392
gqa,16,eager_compiled,4,516,12.41065899989735,1289.2143761368625,49.97177899986127
gqa,16,eager_compiled,5,517,12.383856000042215,1292.0046873886015,62.35563499990349
gqa,16,eager_compiled,6,518,12.439076999953613,1286.2690696471825,74.7947119998571
gqa,16,eager_compiled,7,519,12.406864000013229,1289.6087198169448,87.20157599987033
gqa,16,eager_compiled,8,520,12.40961399992102,1289.3229394646626,99.61118999979135
gqa,16,eager_compiled,9,521,12.423861000002034,1287.8444148721062,112.03505099979338
gqa,16,eager_compiled,10,522,12.341677999984313,1296.4201464355444,124.3767289997777
gqa,16,eager_compiled,11,523,12.372855000080563,1293.1534395170572,136.74958399985826
gqa,16,eager_compiled,12,524,12.2960050000529,1301.235645230395,149.04558899991116
gqa,16,eager_compiled,13,525,12.276952000092933,1303.2550750283037,161.3225410000041
gqa,16,eager_compiled,14,526,12.326021000035325,1298.066910640031,173.64856200003942
gqa,16,eager_compiled,15,527,12.324370999976964,1298.2406972355755,185.97293300001638
gqa,16,eager_compiled,16,528,12.379516999999396,1292.45753287473,198.35245000001578
gqa,16,eager_compiled,17,529,12.375422999980401,1292.8850997679303,210.72787299999618
gqa,16,eager_compiled,18,530,12.306290999958946,1300.1480299834757,223.03416399995513
gqa,16,eager_compiled,19,531,12.327792000064619,1297.8804314605675,235.36195600001975
gqa,16,eager_compiled,20,532,12.332864999962112,1297.3465614071956,247.69482099998186
gqa,16,eager_compiled,21,533,12.317869999947106,1298.9258694943774,260.01269099992896
gqa,16,eager_compiled,22,534,12.34631200009062,1295.9335548852614,272.3590030000196
gqa,16,eager_compiled,23,535,12.346457000035116,1295.9183351105903,284.7054600000547
gqa,16,eager_compiled,24,536,12.351028000011866,1295.438727852016,297.05648800006657
gqa,16,eager_compiled,25,537,12.278760999947735,1303.0630696426215,309.3352490000143
gqa,16,eager_compiled,26,538,12.765416999968693,1253.3863954494584,322.100665999983
gqa,16,eager_compiled,27,539,12.338388999978633,1296.7657284940285,334.4390549999616
gqa,16,eager_compiled,28,540,12.304710999956114,1300.3149769268912,346.74376599991774
gqa,16,eager_compiled,29,541,12.328215000025011,1297.8358991928303,359.07198099994275
gqa,16,eager_compiled,30,542,12.33424899999136,1297.2009888896525,371.4062299999341
gqa,16,eager_compiled,31,543,12.288169999919774,1302.065319742847,383.6943999998539
gqa,16,eager_compiled,32,544,12.32889499999601,1297.764317078309,396.0232949998499
gqa,16,eager_compiled,33,545,12.327801000083127,1297.8794839316527,408.351095999933
gqa,16,eager_compiled,34,546,12.30109599998741,1300.6971086166936,420.65219199992043
gqa,16,eager_compiled,35,547,12.310795999951551,1299.6722551541725,432.962987999872
gqa,16,eager_compiled,36,548,12.27678099996865,1303.2732277329746,445.23976899984063
gqa,16,eager_compiled,37,549,12.295508999955018,1301.2881369985198,457.53527799979565
gqa,16,eager_compiled,38,550,12.300803000016458,1300.7280906765675,469.8360809998121
gqa,16,eager_compiled,39,551,12.29709400001866,1301.120411047986,482.13317499983077
gqa,16,eager_compiled,40,552,12.348148000000947,1295.740867375316,494.4813229998317
gqa,16,eager_compiled,41,553,12.305960999924537,1300.1828951105986,506.78728399975626
gqa,16,eager_compiled,42,554,12.293757000065852,1301.4735853258117,519.0810409998221
gqa,16,eager_compiled,43,555,12.293328000055226,1301.519002822354,531.3743689998773
gqa,16,eager_compiled,44,556,12.289435999946363,1301.9311870837548,543.6638049998237
gqa,16,eager_compiled,45,557,12.557866000065587,1274.101825892746,556.2216709998893
gqa,16,eager_compiled,46,558,12.373806999903536,1293.0539485644745,568.5954779997928
gqa,16,eager_compiled,47,559,12.361625000039567,1294.328213317326,580.9571029998324
gqa,16,eager_compiled,48,560,12.445105999972839,1285.6459398606103,593.4022089998052
gqa,16,eager_compiled,49,561,12.338186000079077,1296.7870641516877,605.7403949998843
gqa,16,eager_compiled,50,562,12.398430999951415,1290.4858687411897,618.1388259998357
gqa,32,eager_compiled,1,513,13.583750999941913,2355.755784991704,13.583750999941913
gqa,32,eager_compiled,2,514,12.965129999997771,2468.1588229354816,26.548880999939684
gqa,32,eager_compiled,3,515,12.90938499994354,2478.8167678119407,39.458265999883224
gqa,32,eager_compiled,4,516,12.522675000013805,2555.364568669611,51.98094099989703
gqa,32,eager_compiled,5,517,12.448151999933543,2570.6626975771856,64.42909299983057
gqa,32,eager_compiled,6,518,12.378288000036264,2585.171713560571,76.80738099986684
gqa,32,eager_compiled,7,519,12.331308000057106,2595.0207390693517,89.13868899992394
gqa,32,eager_compiled,8,520,12.387542000055873,2583.2404846623863,101.52623099997982
gqa,32,eager_compiled,9,521,12.32490699999289,2596.3684756419225,113.8511379999727
gqa,32,eager_compiled,10,522,12.37321200005681,2586.232257222545,126.22435000002952
gqa,32,eager_compiled,11,523,12.333589000036227,2594.5408104572,138.55793900006574
gqa,32,eager_compiled,12,524,12.315585999999712,2598.3335263137906,150.87352500006546
gqa,32,eager_compiled,13,525,12.313544999983606,2598.7642064119314,163.18707000004906
gqa,32,eager_compiled,14,526,12.276798000016242,2606.5428461034926,175.4638680000653
gqa,32,eager_compiled,15,527,12.323594999998022,2596.644891365315,187.78746300006333
gqa,32,eager_compiled,16,528,12.360937000039485,2588.8005092087906,200.1484000001028
gqa,32,eager_compiled,17,529,12.305615999935071,2600.4386940214,212.45401600003788
gqa,32,eager_compiled,18,530,12.25586900000053,2610.9939654216782,224.7098850000384
gqa,32,eager_compiled,19,531,12.255353000000468,2611.103898843124,236.96523800003888
gqa,32,eager_compiled,20,532,12.705915999958961,2518.5118491341636,249.67115399999784
gqa,32,eager_compiled,21,533,12.506620000067414,2558.644941625116,262.17777400006526
gqa,32,eager_compiled,22,534,12.47818800004552,2564.4749061228495,274.6559620001108
gqa,32,eager_compiled,23,535,12.493532999997115,2561.325127168383,287.1494950001079
gqa,32,eager_compiled,24,536,12.52710100004606,2554.4617226190117,299.67659600015395
gqa,32,eager_compiled,25,537,12.479508000069472,2564.203652886144,312.1561040002234
gqa,32,eager_compiled,26,538,12.485807999951248,2562.909825309259,324.64191200017467
gqa,32,eager_compiled,27,539,12.436589999992975,2573.0525811350276,337.07850200016765
gqa,32,eager_compiled,28,540,12.384826000015892,2583.806990906367,349.46332800018354
gqa,32,eager_compiled,29,541,12.533359000030941,2553.1862607558755,361.9966870002145
gqa,32,eager_compiled,30,542,12.487149000094178,2562.6345933534276,374.48383600030866
gqa,32,eager_compiled,31,543,12.481453999953374,2563.803864527285,386.96529000026203
gqa,32,eager_compiled,32,544,12.477374000013697,2564.6422075642577,399.4426640002757
gqa,32,eager_compiled,33,545,12.470407000023442,2566.075028661041,411.91307100029917
gqa,32,eager_compiled,34,546,12.424602000010054,2575.53521633724,424.3376730003092
gqa,32,eager_compiled,35,547,12.454649999995127,2569.3214983971866,436.79232300030435
gqa,32,eager_compiled,36,548,12.441760999990947,2571.983178267392,449.2340840002953
gqa,32,eager_compiled,37,549,12.376512000059847,2585.5426795405087,461.61059600035514
gqa,32,eager_compiled,38,550,12.417206999998598,2577.069062310358,474.02780300035374
gqa,32,eager_compiled,39,551,12.421235000033448,2576.2333616515452,486.4490380003872
gqa,32,eager_compiled,40,552,12.509388000012223,2558.0787805101845,498.9584260003994
gqa,32,eager_compiled,41,553,12.521270999968692,2555.6510996431603,511.4796970003681
gqa,32,eager_compiled,42,554,12.505786000019725,2558.8155754424015,523.9854830003878
gqa,32,eager_compiled,43,555,12.985839999942073,2464.2225685933868,536.9713230003299
gqa,32,eager_compiled,44,556,13.397876999988512,2388.4381085173,550.3692000003184
gqa,32,eager_compiled,45,557,13.104106000014326,2441.982688476804,563.4733060003327
gqa,32,eager_compiled,46,558,12.820956000041406,2495.913721246423,576.2942620003741
gqa,32,eager_compiled,47,559,12.606173999984094,2538.4387047204314,588.9004360003582
gqa,32,eager_compiled,48,560,12.562924000008024,2547.177711174529,601.4633600003663
gqa,32,eager_compiled,49,561,12.516473000005135,2556.6307697054012,613.9798330003714
gqa,32,eager_compiled,50,562,12.499279999929058,2560.1474645084854,626.4791130003005
mla,1,eager_compiled,1,513,16.01007399995069,62.460673198829674,16.01007399995069
mla,1,eager_compiled,2,514,14.658668000038233,68.21902235574144,30.668741999988924
mla,1,eager_compiled,3,515,14.297089000024243,69.94430824332872,44.96583100001317
mla,1,eager_compiled,4,516,14.227385999902253,70.28698033545096,59.19321699991542
mla,1,eager_compiled,5,517,14.179536000028747,70.52416947902756,73.37275299994417
mla,1,eager_compiled,6,518,14.256112999987636,70.14534747310626,87.6288659999318
mla,1,eager_compiled,7,519,14.240062999988368,70.22440841735158,101.86892899992017
mla,1,eager_compiled,8,520,14.600435999909678,68.49110533453839,116.46936499982985
mla,1,eager_compiled,9,521,14.532099000007292,68.81318383528065,131.00146399983714
mla,1,eager_compiled,10,522,14.334182000084184,69.76331122306993,145.33564599992133
mla,1,eager_compiled,11,523,14.110093999988749,70.87125004275644,159.44573999991007
mla,1,eager_compiled,12,524,14.077102999976887,71.03734340806072,173.52284299988696
mla,1,eager_compiled,13,525,13.990378999892528,71.47769192011752,187.5132219997795
mla,1,eager_compiled,14,526,14.027693999992152,71.2875544619493,201.54091599977164
mla,1,eager_compiled,15,527,13.92767200002254,71.79950820197243,215.46858799979418
mla,1,eager_compiled,16,528,14.000390999967749,71.42657658648987,229.46897899976193
mla,1,eager_compiled,17,529,13.926838999964275,71.80380271521521,243.3958179997262
mla,1,eager_compiled,18,530,13.995335000004161,71.45238038244192,257.39115299973037
mla,1,eager_compiled,19,531,14.06969200002095,71.07476126687855,271.4608449997513
mla,1,eager_compiled,20,532,14.025801000002502,71.29717582616648,285.4866459997538
mla,1,eager_compiled,21,533,13.901890000056483,71.93266527040115,299.3885359998103
mla,1,eager_compiled,22,534,13.998818000004576,71.43460254999195,313.3873539998149
mla,1,eager_compiled,23,535,14.126645000033022,70.78821616864177,327.5139989998479
mla,1,eager_compiled,24,536,14.550404000033268,68.72661405124653,342.06440299988117
mla,1,eager_compiled,25,537,13.982725999994727,71.51681295910232,356.0471289998759
mla,1,eager_compiled,26,538,14.274999000008393,70.05254431187085,370.3221279998843
mla,1,eager_compiled,27,539,14.316548000010698,69.84924019388282,384.638675999895
mla,1,eager_compiled,28,540,14.14812100006202,70.68076389759575,398.786796999957
mla,1,eager_compiled,29,541,13.982482999949752,71.51805584198412,412.76927999990676
mla,1,eager_compiled,30,542,13.969322999969336,71.58543044657176,426.7386029998761
mla,1,eager_compiled,31,543,13.925812000024962,71.80909809770573,440.66441499990106
mla,1,eager_compiled,32,544,13.9922219999562,71.46827716163524,454.65663699985726
mla,1,eager_compiled,33,545,13.943764000032388,71.7166469539844,468.60040099988964
mla,1,eager_compiled,34,546,13.94039599995267,71.73397369797782,482.5407969998423
mla,1,eager_compiled,35,547,13.857044000019414,72.16546328341015,496.3978409998617
mla,1,eager_compiled,36,548,13.899972000103844,71.94259096295512,510.2978129999656
mla,1,eager_compiled,37,549,14.001990999986447,71.41841470980577,524.299803999952
mla,1,eager_compiled,38,550,14.128385000049093,70.77949815187831,538.4281890000011
mla,1,eager_compiled,39,551,14.481404999969527,69.05407313738579,552.9095939999706
mla,1,eager_compiled,40,552,13.967454000066937,71.59500936929577,566.8770480000376
mla,1,eager_compiled,41,553,13.862599000049158,72.13654524641836,580.7396470000867
mla,1,eager_compiled,42,554,13.874988999987181,72.07212921040326,594.6146360000739
mla,1,eager_compiled,43,555,13.841896000030829,72.24443818952062,608.4565320001047
mla,1,eager_compiled,44,556,13.913191000028746,71.87423790832267,622.3697230001335
mla,1,eager_compiled,45,557,14.034090999984983,71.25506026724995,636.4038140001185
mla,1,eager_compiled,46,558,13.998631999925237,71.43555170286216,650.4024460000437
mla,1,eager_compiled,47,559,13.896751000061158,71.95926587413123,664.2991970001049
mla,1,eager_compiled,48,560,14.084543999956622,70.99981369670752,678.3837410000615
mla,1,eager_compiled,49,561,14.194569999972373,70.44947469362907,692.5783110000339
mla,1,eager_compiled,50,562,14.124551000008978,70.79871069879421,706.7028620000428
mla,8,eager_compiled,1,513,18.321181000032993,436.65307383763053,18.321181000032993
mla,8,eager_compiled,2,514,17.00150300007408,470.54663343382884,35.322684000107074
mla,8,eager_compiled,3,515,16.674335999937284,479.7792247937243,51.99702000004436
mla,8,eager_compiled,4,516,15.967762000059338,501.00947145694374,67.9647820001037
mla,8,eager_compiled,5,517,15.371086999948602,520.4576618443933,83.3358690000523
mla,8,eager_compiled,6,518,15.259107000019867,524.2770759776168,98.59497600007217
mla,8,eager_compiled,7,519,15.183066999952644,526.9027660896809,113.77804300002481
mla,8,eager_compiled,8,520,15.19847600002322,526.3685648474083,128.97651900004803
mla,8,eager_compiled,9,521,15.100855000014235,529.7713275170485,144.07737400006226
mla,8,eager_compiled,10,522,15.139843000042674,528.4070647217048,159.21721700010494
mla,8,eager_compiled,11,523,15.155376999928194,527.8654565991927,174.37259400003313
mla,8,eager_compiled,12,524,15.19084999995357,526.6328085672923,189.5634439999867
mla,8,eager_compiled,13,525,15.661338999962027,510.8120065608309,205.22478299994873
mla,8,eager_compiled,14,526,16.01875400001518,499.41462363379947,221.2435369999639
mla,8,eager_compiled,15,527,15.672414999926332,510.4510057982515,236.91595199989024
mla,8,eager_compiled,16,528,15.447034999965581,517.8987423811641,252.36298699985582
mla,8,eager_compiled,17,529,16.3411639999822,489.56120873694886,268.704150999838
mla,8,eager_compiled,18,530,16.493304999926295,485.0452956539487,285.1974559997643
mla,8,eager_compiled,19,531,15.952155000036328,501.4996406430217,301.14961099980064
mla,8,eager_compiled,20,532,16.116850999992494,496.3748811727381,317.26646199979314
mla,8,eager_compiled,21,533,16.151704999970207,495.30374657132216,333.41816699976334
mla,8,eager_compiled,22,534,15.866356999936215,504.2115212731039,349.28452399969956
mla,8,eager_compiled,23,535,16.36088700001892,488.97104417326204,365.6454109997185
mla,8,eager_compiled,24,536,16.33879899998192,489.63207148878286,381.9842099997004
mla,8,eager_compiled,25,537,15.36505500007479,520.6619826587709,397.3492649997752
mla,8,eager_compiled,26,538,15.256539999995766,524.3652885911366,412.60580499977095
mla,8,eager_compiled,27,539,15.21449599999869,525.8143286508267,427.82030099976964
mla,8,eager_compiled,28,540,15.20350199996301,526.1945570184728,443.02380299973265
mla,8,eager_compiled,29,541,15.203636000023835,526.18991930532,458.2274389997565
mla,8,eager_compiled,30,542,15.193986999975095,526.5240782431308,473.4214259997316
mla,8,eager_compiled,31,543,15.207282999995186,526.0637288069494,488.62870899972677
mla,8,eager_compiled,32,544,15.186943000003339,526.7682903661547,503.8156519997301
mla,8,eager_compiled,33,545,15.198392000002059,526.3714740348134,519.0140439997322
mla,8,eager_compiled,34,546,15.185588000008465,526.8152935530412,534.1996319997406
mla,8,eager_compiled,35,547,15.257134999956179,524.3448393176686,549.4567669996968
mla,8,eager_compiled,36,548,15.99673399994117,500.1020833396005,565.453500999638
mla,8,eager_compiled,37,549,16.50154300000395,484.80314840849036,581.9550439996419
mla,8,eager_compiled,38,550,16.34834900005444,489.34604955970536,598.3033929996964
mla,8,eager_compiled,39,551,16.187682000008863,494.2029377643828,614.4910749997052
mla,8,eager_compiled,40,552,15.98307200004001,500.52956027351775,630.4741469997452
mla,8,eager_compiled,41,553,15.797369999972943,506.41340932153275,646.2715169997182
mla,8,eager_compiled,42,554,15.644037000015487,511.3769546819712,661.9155539997337
mla,8,eager_compiled,43,555,15.679117999980008,510.2327822273039,677.5946719997137
mla,8,eager_compiled,44,556,16.216672999917137,493.31943734950306,693.8113449996308
mla,8,eager_compiled,45,557,16.914035000013428,472.9799837823233,710.7253799996442
mla,8,eager_compiled,46,558,16.773769999986143,476.93511953523915,727.4991499996304
mla,8,eager_compiled,47,559,17.109709999999723,467.5707536831501,744.6088599996301
mla,8,eager_compiled,48,560,17.113064999989547,467.4790868850721,761.7219249996197
mla,8,eager_compiled,49,561,17.119471000000885,467.30415910629404,778.8413959996205
mla,8,eager_compiled,50,562,16.904965999970045,473.2337231565077,795.7463619995906
mla,16,eager_compiled,1,513,18.302583000036066,874.1935496191151,18.302583000036066
mla,16,eager_compiled,2,514,16.762892999963697,954.4891803601354,35.06547599999976
mla,16,eager_compiled,3,515,16.61499699991964,962.9854281693451,51.6804729999194
mla,16,eager_compiled,4,516,16.374768999980915,977.1130206489415,68.05524199990032
mla,16,eager_compiled,5,517,16.22035599996252,986.4148481104219,84.27559799986284
mla,16,eager_compiled,6,518,16.349601000001712,978.617154020965,100.62519899986455
mla,16,eager_compiled,7,519,16.387327000074947,976.3642356027206,117.0125259999395
mla,16,eager_compiled,8,520,16.370249999908992,977.3827522541775,133.3827759998485
mla,16,eager_compiled,9,521,16.802673000029245,952.2294458728176,150.18544899987774
mla,16,eager_compiled,10,522,16.622497999946972,962.5508753287888,166.8079469998247
mla,16,eager_compiled,11,523,16.683985999975448,959.00344198464,183.49193299980016
mla,16,eager_compiled,12,524,16.784528000016508,953.2588583953188,200.27646099981666
mla,16,eager_compiled,13,525,16.739730000040254,955.8099204683424,217.01619099985692
mla,16,eager_compiled,14,526,16.462127999943732,971.9278090933741,233.47831899980065
mla,16,eager_compiled,15,527,16.68750999999702,958.8009235651609,250.16582899979767
mla,16,eager_compiled,16,528,16.831491999937498,950.5990318659459,266.99732099973517
mla,16,eager_compiled,17,529,16.623963000029107,962.4660497603361,283.6212839997643
mla,16,eager_compiled,18,530,15.932765000002291,1004.2199203965978,299.55404899976656
mla,16,eager_compiled,19,531,15.60040599997592,1025.6143333721377,315.1544549997425
mla,16,eager_compiled,20,532,15.427591000047869,1037.1029410846033,330.58204599979035
mla,16,eager_compiled,21,533,15.459423000038441,1034.9674758210713,346.0414689998288
mla,16,eager_compiled,22,534,15.682281000067633,1020.2597440978769,361.7237499998964
mla,16,eager_compiled,23,535,15.677786999958698,1020.5521991108918,377.4015369998551
mla,16,eager_compiled,24,536,15.700797000022249,1019.0565485291816,393.1023339998774
mla,16,eager_compiled,25,537,15.777980999928332,1014.0714455209876,408.8803149998057
mla,16,eager_compiled,26,538,15.617063000036069,1024.5204235881642,424.4973779998418
mla,16,eager_compiled,27,539,15.814501000022574,1011.7296777164934,440.31187899986435
mla,16,eager_compiled,28,540,15.772446999903877,1014.4272477249415,456.0843259997682
mla,16,eager_compiled,29,541,15.647550999915438,1022.5242275987129,471.73187699968366
mla,16,eager_compiled,30,542,15.675860999976976,1020.6775883011147,487.40773799966064
mla,16,eager_compiled,31,543,15.703380999980254,1018.8888622150936,503.1111189996409
mla,16,eager_compiled,32,544,15.782156000000214,1013.8031837981948,518.8932749996411
mla,16,eager_compiled,33,545,16.2230499998941,986.2510440456291,535.1163249995352
mla,16,eager_compiled,34,546,16.036417999998775,997.7290439798477,551.152742999534
mla,16,eager_compiled,35,547,15.74051000000054,1016.4854887166586,566.8932529995345
mla,16,eager_compiled,36,548,16.002516999947147,999.8427122466325,582.8957699994817
mla,16,eager_compiled,37,549,16.212339999924552,986.9025692820691,599.1081099994062
mla,16,eager_compiled,38,550,15.960379999910401,1002.4823970412873,615.0684899993166
mla,16,eager_compiled,39,551,15.904384000009486,1006.0119272768097,630.9728739993261
mla,16,eager_compiled,40,552,15.559433000021272,1028.3151063395514,646.5323069993474
mla,16,eager_compiled,41,553,15.663879999920027,1021.4582849256818,662.1961869992674
mla,16,eager_compiled,42,554,15.915378000045166,1005.3169959239796,678.1115649993126
mla,16,eager_compiled,43,555,16.14455000003545,991.0465141465613,694.256114999348
mla,16,eager_compiled,44,556,15.931762000036542,1004.2831420632132,710.1878769993846
mla,16,eager_compiled,45,557,15.75464000006832,1015.5738245958406,725.9425169994529
mla,16,eager_compiled,46,558,15.572711999993771,1027.4382522457488,741.5152289994467
mla,16,eager_compiled,47,559,15.664281999988816,1021.4320707461359,757.1795109994355
mla,16,eager_compiled,48,560,15.609189000088008,1025.0372392767995,772.7886999995235
mla,16,eager_compiled,49,561,15.438514000038595,1036.3691738699724,788.2272139995621
mla,16,eager_compiled,50,562,15.455631999998332,1035.2213354977478,803.6828459995604
mla,32,eager_compiled,1,513,15.806476000079783,2024.4866724144256,15.806476000079783
mla,32,eager_compiled,2,514,15.326385000093978,2087.9026593553394,31.13286100017376
mla,32,eager_compiled,3,515,15.382085000055667,2080.342164269941,46.51494600022943
mla,32,eager_compiled,4,516,15.564501999961067,2055.960415571282,62.079448000190496
mla,32,eager_compiled,5,517,15.374151999935748,2081.4156123949947,77.45360000012624
mla,32,eager_compiled,6,518,15.236168999990696,2100.265493249618,92.68976900011694
mla,32,eager_compiled,7,519,15.19838800004436,2105.486450267397,107.8881570001613
mla,32,eager_compiled,8,520,15.211176999969211,2103.7162344547546,123.09933400013051
mla,32,eager_compiled,9,521,15.259513000046354,2097.0525075015694,138.35884700017687
mla,32,eager_compiled,10,522,15.199216999917553,2105.3716122464452,153.55806400009442
mla,32,eager_compiled,11,523,15.221887000052448,2102.236076242699,168.77995100014687
mla,32,eager_compiled,12,524,15.230073999987326,2101.106009073011,184.0100250001342
mla,32,eager_compiled,13,525,15.323220999903242,2088.3337778788195,199.33324600003743
mla,32,eager_compiled,14,526,15.601557000081812,2051.077337975447,214.93480300011925
mla,32,eager_compiled,15,527,15.532514999904379,2060.1943729136588,230.46731800002362
mla,32,eager_compiled,16,528,15.376135999986218,2081.1470450071906,245.84345400000984
mla,32,eager_compiled,17,529,15.254262999974344,2097.7742418662783,261.0977169999842
mla,32,eager_compiled,18,530,15.260935999890535,2096.8569686832793,276.3586529998747
mla,32,eager_compiled,19,531,15.245256999946832,2099.013483348401,291.60390999982155
mla,32,eager_compiled,20,532,15.429508000011083,2073.948177736906,307.03341799983264
mla,32,eager_compiled,21,533,15.390045999993163,2079.2660398815065,322.4234639998258
mla,32,eager_compiled,22,534,15.269049000039558,2095.7428324394727,337.69251299986536
mla,32,eager_compiled,23,535,15.300642000056541,2091.4155105309796,352.9931549999219
mla,32,eager_compiled,24,536,15.393313999993552,2078.8246117771264,368.38646899991545
mla,32,eager_compiled,25,537,15.299020000043129,2091.637242118109,383.6854889999586
mla,32,eager_compiled,26,538,15.386461000048257,2079.750502724417,399.07195000000684
mla,32,eager_compiled,27,539,15.341032000037558,2085.9092139252207,414.4129820000444
mla,32,eager_compiled,28,540,15.266669000084221,2096.069548624095,429.6796510001286
mla,32,eager_compiled,29,541,15.273326999931669,2095.155822967921,444.9529780000603
mla,32,eager_compiled,30,542,15.288779999991675,2093.0381626275885,460.24175800005196
mla,32,eager_compiled,31,543,15.222305999941455,2102.178211377637,475.4640639999934
mla,32,eager_compiled,32,544,15.232549999950606,2100.764481331344,490.696613999944
mla,32,eager_compiled,33,545,15.279164000048695,2094.3554241513484,505.9757779999927
mla,32,eager_compiled,34,546,15.385609000077238,2079.8656718651405,521.36138700007
mla,32,eager_compiled,35,547,15.311183999983768,2089.9755368385568,536.6725710000537
mla,32,eager_compiled,36,548,15.261790000067776,2096.739635380771,551.9343610001215
mla,32,eager_compiled,37,549,15.243714999996882,2099.2258120810147,567.1780760001184
mla,32,eager_compiled,38,550,15.22913899998457,2101.2350074441124,582.407215000103
mla,32,eager_compiled,39,551,15.417993999903956,2075.4969810079924,597.8252090000069
mla,32,eager_compiled,40,552,15.391450000038276,2079.076370317314,613.2166590000452
mla,32,eager_compiled,41,553,16.218037000044205,1973.1117890477608,629.4346960000894
mla,32,eager_compiled,42,554,15.782167999986996,2027.604825903917,645.2168640000764
mla,32,eager_compiled,43,555,15.02179999999953,2130.2373883290284,660.2386640000759
mla,32,eager_compiled,44,556,14.977530999999544,2136.533718407992,675.2161950000755
mla,32,eager_compiled,45,557,14.917451999963305,2145.138459307844,690.1336470000388
mla,32,eager_compiled,46,558,14.950605000080941,2140.381609963393,705.0842520001197
mla,32,eager_compiled,47,559,14.920865000021877,2144.6477801356077,720.0051170001416
mla,32,eager_compiled,48,560,14.910456000052363,2146.1449602807334,734.915573000194
mla,32,eager_compiled,49,561,14.896286000066539,2148.186467409196,749.8118590002605
mla,32,eager_compiled,50,562,14.88000100005138,2150.5374898758078,764.6918600003119
