attention,seq_len,batch_size,kernel,latency_mean_ms,latency_median_ms,latency_p10_ms,latency_p90_ms,tokens_per_sec,incremental_peak_memory_mb,actual_cache_mb,analytical_cache_mb
mha,256,1,eager_compiled,2.6372096061706545,2.643968105316162,2.594508910179138,2.743910312652588,96824.16345540139,221.04296875,9.0,9.0
mha,256,8,eager_compiled,6.0701696395874025,6.099456071853638,6.040371131896973,6.119526481628418,335767.6448315839,417.09765625,72.0,72.0
mha,256,16,eager_compiled,8.95877103805542,8.554495811462402,8.528793239593506,10.216242790222168,478812.55544150923,760.31640625,144.0,144.0
mha,256,32,eager_compiled,16.356044578552247,16.37887954711914,16.339353561401367,16.401203918457032,500156.312672858,1447.62890625,288.0,288.0
mha,512,1,eager_compiled,2.837504029273987,2.8892160654067993,2.76264967918396,2.916966438293457,177210.69951475257,86.376953125,18.0,18.0
mha,512,8,eager_compiled,10.144563007354737,10.17036771774292,10.125516605377197,10.18675184249878,402738.63381107064,760.6875,144.0,144.0
mha,512,16,eager_compiled,19.322470283508302,19.34847927093506,19.248947525024413,19.403059196472167,423392.447814019,1447.62890625,288.0,288.0
mha,512,32,eager_compiled,37.75610847473145,37.78099250793457,37.64940757751465,37.85625457763672,433657.21524015325,2820.37890625,576.0,576.0
mha,1024,1,eager_compiled,5.385932779312133,5.414911985397339,5.363404846191406,5.429452657699585,189107.41352056534,173.283203125,36.0,36.0
mha,1024,8,eager_compiled,25.369702339172363,25.414655685424805,25.27539196014404,25.449881935119627,322333.69994849374,1447.62890625,288.0,288.0
mha,1024,16,eager_compiled,49.87207679748535,49.827327728271484,49.80572166442871,49.97017555236816,328815.5465480421,2820.37890625,576.0,576.0
mha,1024,32,eager_compiled,98.95987319946289,98.91635513305664,98.74933776855468,99.22109375,331269.7880539811,5567.62890625,1152.0,1152.0
mha,2048,1,eager_compiled,13.094297504425048,13.113343715667725,13.00531234741211,13.191884803771973,156176.79551501918,344.44140625,72.0,72.0
mha,2048,8,eager_compiled,77.7478141784668,77.74822235107422,77.59667053222657,77.85779190063477,210731.5061946703,2820.37890625,576.0,576.0
mha,2048,16,eager_compiled,154.21573181152343,154.1944351196289,154.05875091552736,154.41971435546876,212510.91178859698,5567.62890625,1152.0,1152.0
mha,2048,32,eager_compiled,306.93877563476565,306.8702850341797,306.7862945556641,307.19518127441404,213562.5480736934,11062.0,2304.0,2304.0
mqa,256,1,eager_compiled,3.030732750892639,3.0346239805221558,2.984550404548645,3.102207970619202,84359.71034406414,45.71875,0.75,0.75
mqa,256,8,eager_compiled,5.752627277374268,5.77894401550293,5.733273649215699,5.799628829956054,354390.005251118,281.97265625,6.0,6.0
mqa,256,16,eager_compiled,8.232857513427735,8.037888050079346,8.02252779006958,8.546201610565186,509586.594697542,490.31640625,12.0,12.0
mqa,256,32,eager_compiled,15.285043048858643,15.299071788787842,15.233740520477294,15.402086162567139,535457.3214045333,907.00390625,24.0,24.0
mqa,512,1,eager_compiled,3.1609856367111204,3.210752010345459,3.1352831602096556,3.2368640899658203,159464.19977322125,52.0791015625,1.5,1.5
mqa,512,8,eager_compiled,9.649152088165284,9.673727989196777,9.634611129760742,9.700761985778808,423414.84116301854,490.31640625,12.0,12.0
mqa,512,16,eager_compiled,18.21429786682129,18.242048263549805,18.16023063659668,18.27532844543457,449072.3783671144,907.00390625,24.0,24.0
mqa,512,32,eager_compiled,35.76545333862305,35.81030464172363,35.683431243896486,35.87287216186523,457521.93855705217,1740.37890625,48.0,48.0
mqa,1024,1,eager_compiled,5.415116786956787,5.444608211517334,5.401190280914307,5.45966067314148,188075.9753904544,104.158203125,3.0,3.0
mqa,1024,8,eager_compiled,24.40345630645752,24.402944564819336,24.29388771057129,24.50432014465332,335697.19335469254,907.00390625,24.0,24.0
mqa,1024,16,eager_compiled,48.04331512451172,48.074750900268555,47.93804740905762,48.2399242401123,340802.5978956965,1740.37890625,48.0,48.0
mqa,1024,32,eager_compiled,95.20711669921874,95.22892761230469,94.91118240356445,95.46823425292969,344097.12281340436,3407.62890625,96.0,96.0
mqa,2048,1,eager_compiled,12.862771224975585,12.858880043029785,12.789350509643555,12.98954210281372,159267.36956459345,208.31640625,6.0,6.0
mqa,2048,8,eager_compiled,72.26972045898438,72.3430404663086,71.98074951171876,72.49182510375977,226476.51929462812,1740.37890625,48.0,48.0
mqa,2048,16,eager_compiled,143.6637176513672,143.7496337890625,143.34852447509766,143.90262298583986,227951.885067642,3407.62890625,96.0,96.0
mqa,2048,32,eager_compiled,285.1808227539062,285.3309326171875,284.4836791992187,285.54444580078126,229684.17549010002,6741.62890625,192.0,192.0
gqa,256,1,eager_compiled,3.0963712453842165,3.1073280572891235,3.052953672409058,3.176755261421204,82385.89401575383,46.2802734375,2.25,2.25
gqa,256,8,eager_compiled,5.41777925491333,5.396991968154907,5.19813117980957,5.848780965805053,379470.64069842565,300.7529296875,18.0,18.0
gqa,256,16,eager_compiled,8.95487995147705,8.840703964233398,8.645631790161133,9.574195289611817,463311.5209570503,527.0966796875,36.0,36.0
gqa,256,32,eager_compiled,15.784345722198486,15.834624290466309,15.685631561279298,15.933645153045655,517347.2922203926,979.7841796875,72.0,72.0
gqa,512,1,eager_compiled,3.4930688381195067,3.4631680250167847,3.3806336402893065,3.5856384992599484,147841.51282914393,56.5791015625,4.5,4.5
gqa,512,8,eager_compiled,10.194227313995361,10.281983852386475,9.950925159454346,10.456882953643799,398366.70226332906,527.0966796875,36.0,36.0
gqa,512,16,eager_compiled,18.327347183227538,18.355199813842773,18.293760108947755,18.389094161987305,446304.04915679066,979.7841796875,72.0,72.0
gqa,512,32,eager_compiled,36.053504180908206,36.04275321960449,35.907889938354494,36.26260414123535,454571.26707757614,1884.37890625,144.0,144.0
gqa,1024,1,eager_compiled,5.4790143966674805,5.511168003082275,5.462528133392334,5.526937484741211,185804.53352670418,113.158203125,9.0,9.0
gqa,1024,8,eager_compiled,24.342937469482422,24.364543914794922,24.329215431213377,24.39680061340332,336226.2814624475,979.00390625,72.0,72.0
gqa,1024,16,eager_compiled,48.30167083740234,48.27340888977051,48.16107444763183,48.41891860961914,339400.1040492479,1884.37890625,144.0,144.0
gqa,1024,32,eager_compiled,95.66638107299805,95.66361618041992,95.3945083618164,95.9536148071289,342533.5703199858,3695.62890625,288.0,288.0
gqa,2048,1,eager_compiled,13.183283042907714,13.17632007598877,13.132185173034667,13.288448047637939,155430.34687902534,227.0966796875,18.0,18.0
gqa,2048,8,eager_compiled,72.2942985534668,72.2534408569336,72.18298797607422,72.4919303894043,226757.36692514564,1884.37890625,144.0,144.0
gqa,2048,16,eager_compiled,143.73591003417968,143.7644805908203,143.33040466308594,144.18380737304688,227928.34408982875,3695.62890625,288.0,288.0
gqa,2048,32,eager_compiled,285.785498046875,285.76768493652344,285.1603485107422,286.38974914550784,229333.1382607424,7317.62890625,576.0,576.0
mla,256,1,eager_compiled,4.051046442985535,4.029952049255371,3.9770113706588743,4.172287893295288,63524.329041905614,46.28125,0.9375,0.9375
mla,256,8,eager_compiled,7.042560052871704,7.072768211364746,7.016959857940674,7.102771139144897,289561.3059550304,280.47265625,7.5,7.5
mla,256,16,eager_compiled,9.61720323562622,9.65171194076538,9.599078750610351,9.6667649269104,424380.67206502095,487.31640625,15.0,15.0
mla,256,32,eager_compiled,18.006015968322753,18.03212833404541,17.99475231170654,18.049433708190918,454300.2272523295,901.00390625,30.0,30.0
mla,512,1,eager_compiled,4.133785605430603,4.190720081329346,4.120268654823303,4.199628829956055,122174.70746401836,51.7041015625,1.875,1.875
mla,512,8,eager_compiled,11.999539279937744,12.029439926147461,11.980083179473876,12.052582836151123,340497.98038367875,487.31640625,15.0,15.0
mla,512,16,eager_compiled,22.673101043701173,22.653952598571777,22.576026153564452,22.803149223327637,361614.5996754874,901.00390625,30.0,30.0
mla,512,32,eager_compiled,44.48337898254395,44.474369049072266,44.30110664367676,44.754943466186525,368391.96036535496,1728.37890625,60.0,60.0
mla,1024,1,eager_compiled,6.646067190170288,6.676480054855347,6.6352126121521,6.695116758346558,153374.2318686798,103.408203125,3.75,3.75
mla,1024,8,eager_compiled,31.874969673156738,31.87712001800537,31.79622440338135,32.0408576965332,256986.82927983635,901.00390625,30.0,30.0
mla,1024,16,eager_compiled,63.2195068359375,63.23302459716797,63.09549903869629,63.350271224975586,259105.11325965883,1728.37890625,60.0,60.0
mla,1024,32,eager_compiled,125.21932754516601,125.22495651245117,124.8172004699707,125.6052734375,261673.07949307904,3383.62890625,120.0,120.0
mla,2048,1,eager_compiled,18.134630584716795,18.21951961517334,17.97048397064209,18.305637741088866,112406.91539937264,237.0,7.5,7.5
mla,2048,8,eager_compiled,110.28633575439453,110.34214401245117,110.10846862792968,110.47976989746094,148483.61110466736,1920.0,60.0,60.0
mla,2048,16,eager_compiled,219.56792449951172,219.63314819335938,219.22980499267578,219.82014007568358,149194.2371611042,3840.0,120.0,120.0
mla,2048,32,eager_compiled,435.9880676269531,435.9736328125,435.49072265625,436.4432373046875,150321.0172991934,7680.0,240.0,240.0
